Date,Open,High,Low,Close,Adj Close,Volume,Stock Name, Turnover ,Year,Month,Week,Day,
3/23/2023,68.1,69.4,66.6,68.8,68.8,112790,20MICRONS.NS,7759952,2023,Mar,13,Thu,
3/24/2023,68.7,69.2,66.6,66.65,66.65,67909,20MICRONS.NS,4526135,2023,Mar,13,Fri,
3/27/2023,67.05,67.2,63.85,64.2,64.2,94089,20MICRONS.NS,6040514,2023,Mar,14,Mon,
3/28/2023,65,68.4,63.05,64.7,64.7,187381,20MICRONS.NS,12123550,2023,Mar,14,Tue,
3/29/2023,64.75,66.95,64.3,65.85,65.85,99700,20MICRONS.NS,6565245,2023,Mar,14,Wed,
3/31/2023,71,79,71,74.3,74.3,617891,20MICRONS.NS,45909303,2023,Mar,14,Fri,0.135935397
4/3/2023,75,80.5,73.15,78.6,78.6,460403,20MICRONS.NS,36187675,2023,Apr,15,Mon,
4/5/2023,79.5,79.5,77,78.2,78.2,124009,20MICRONS.NS,9697503,2023,Apr,15,Wed,
4/6/2023,78.7,80.5,77.5,79.65,79.65,107652,20MICRONS.NS,8574482,2023,Apr,15,Thu,0.013182674
4/10/2023,79.65,82,78.9,80.85,80.85,86160,20MICRONS.NS,6966036,2023,Apr,16,Mon,
4/11/2023,81,85.7,81,83.9,83.9,199204,20MICRONS.NS,16713216,2023,Apr,16,Tue,
4/12/2023,84,85.5,82.1,83,83,92315,20MICRONS.NS,7662145,2023,Apr,16,Wed,
4/13/2023,82.5,83.35,82.15,82.85,82.85,36248,20MICRONS.NS,3003147,2023,Apr,16,Thu,
4/17/2023,82.5,82.6,80.45,82,82,63176,20MICRONS.NS,5180432,2023,Apr,17,Mon,
4/18/2023,81.5,84.25,81.5,82.5,82.5,61918,20MICRONS.NS,5108235,2023,Apr,17,Tue,
4/19/2023,82.5,83.5,81.2,82.25,82.25,43597,20MICRONS.NS,3585853,2023,Apr,17,Wed,
4/20/2023,82.85,85.5,82.1,83.8,83.8,83218,20MICRONS.NS,6973669,2023,Apr,17,Thu,
4/21/2023,82.55,85.3,82.55,83.8,83.8,70010,20MICRONS.NS,5866838,2023,Apr,17,Fri,
4/24/2023,83,86,83,84.4,84.4,65375,20MICRONS.NS,5517650,2023,Apr,18,Mon,
4/25/2023,85.25,85.3,82.5,83.7,83.7,70754,20MICRONS.NS,5922110,2023,Apr,18,Tue,
4/26/2023,83.95,85.5,79.2,80.05,80.05,197501,20MICRONS.NS,15809956,2023,Apr,18,Wed,
4/27/2023,80.7,83.35,80.65,82.75,82.75,46951,20MICRONS.NS,3885195,2023,Apr,18,Thu,
4/28/2023,83.6,84.6,82.6,83.55,83.55,55895,20MICRONS.NS,4670027,2023,Apr,18,Fri,
5/2/2023,83.65,85.8,83.5,84.45,84.45,80246,20MICRONS.NS,6776774,2023,May,19,Tue,
5/3/2023,84,87,84,84.95,84.95,98498,20MICRONS.NS,8367405,2023,May,19,Wed,
5/4/2023,85.3,86.45,84.35,85.2,85.2,48731,20MICRONS.NS,4151881,2023,May,19,Thu,
5/5/2023,85.2,87.1,81.25,85,85,81906,20MICRONS.NS,6962010,2023,May,19,Fri,
5/8/2023,87.5,87.5,84.3,84.35,84.35,36578,20MICRONS.NS,3085354,2023,May,20,Mon,
5/9/2023,84.5,84.85,82.25,82.45,82.45,90157,20MICRONS.NS,7433444,2023,May,20,Tue,
5/10/2023,82.5,83.45,81.6,82.75,82.75,55824,20MICRONS.NS,4619436,2023,May,20,Wed,
5/11/2023,83.15,84.35,82.45,83.25,83.25,107474,20MICRONS.NS,8947211,2023,May,20,Thu,
5/12/2023,83.25,87.75,83.05,85.55,85.55,145169,20MICRONS.NS,12419208,2023,May,20,Fri,
5/15/2023,84.5,86,81.7,82.25,82.25,141169,20MICRONS.NS,11611150,2023,May,21,Mon,
5/16/2023,85.9,85.9,81.85,82.2,82.2,125069,20MICRONS.NS,10280671,2023,May,21,Tue,
5/17/2023,84.85,84.85,82.5,83.8,83.8,93577,20MICRONS.NS,7841753,2023,May,21,Wed,
5/18/2023,84.7,85.55,82.1,83,83,121735,20MICRONS.NS,10104005,2023,May,21,Thu,
5/19/2023,83.5,84.9,82.35,83.55,83.55,100156,20MICRONS.NS,8368034,2023,May,21,Fri,
5/22/2023,83.9,85.55,83,84,84,121665,20MICRONS.NS,10219860,2023,May,22,Mon,
5/23/2023,84,89.85,83.8,87.75,87.75,333663,20MICRONS.NS,29278928,2023,May,22,Tue,
5/24/2023,87.1,95,86.55,91.85,91.85,910681,20MICRONS.NS,83646048,2023,May,22,Wed,
5/25/2023,92.4,99.7,92.2,97.85,97.85,1053216,20MICRONS.NS,103057184,2023,May,22,Thu,
5/26/2023,98.8,101.45,92.15,93.4,93.4,459444,20MICRONS.NS,42912070,2023,May,22,Fri,
5/29/2023,93.95,95.95,91.4,93.55,93.55,274971,20MICRONS.NS,25723538,2023,May,23,Mon,
5/30/2023,93.85,93.85,90.7,91.05,91.05,116069,20MICRONS.NS,10568083,2023,May,23,Tue,
5/31/2023,91.7,93.45,91.25,92.25,92.25,140484,20MICRONS.NS,12959649,2023,May,23,Wed,
6/1/2023,92.3,94.2,92.1,92.65,92.65,126687,20MICRONS.NS,11737551,2023,Jun,23,Thu,
6/2/2023,93.2,94,89.5,90.45,90.45,151265,20MICRONS.NS,13681919,2023,Jun,23,Fri,
6/5/2023,90,93.55,89.95,92.85,92.85,162168,20MICRONS.NS,15057299,2023,Jun,24,Mon,
6/6/2023,93.6,102.7,92.8,98.55,98.55,1213479,20MICRONS.NS,119588359,2023,Jun,24,Tue,
6/7/2023,99.2,99.85,96,96.8,96.8,266807,20MICRONS.NS,25826918,2023,Jun,24,Wed,
6/8/2023,97.4,97.5,94.4,94.7,94.7,149950,20MICRONS.NS,14200265,2023,Jun,24,Thu,
6/9/2023,95.35,99,95.1,96.65,96.65,362998,20MICRONS.NS,35083757,2023,Jun,24,Fri,
6/12/2023,97.75,98.95,94.15,96.25,96.25,159546,20MICRONS.NS,15356303,2023,Jun,25,Mon,
6/13/2023,96.8,98,96.25,96.9,96.9,102715,20MICRONS.NS,9953084,2023,Jun,25,Tue,
6/14/2023,97.4,104.1,96.65,100.5,100.5,960364,20MICRONS.NS,96516582,2023,Jun,25,Wed,
6/15/2023,101,101.8,97.6,98.25,98.25,238953,20MICRONS.NS,23477132,2023,Jun,25,Thu,
6/16/2023,98.8,100.7,95.35,96.95,96.95,180273,20MICRONS.NS,17477467,2023,Jun,25,Fri,
6/19/2023,97.4,98.5,95.6,96.85,96.85,160179,20MICRONS.NS,15513336,2023,Jun,26,Mon,
6/20/2023,97.3,100.15,97,98.75,98.75,262375,20MICRONS.NS,25909531,2023,Jun,26,Tue,
6/21/2023,99,103.6,99,101.25,101.25,356331,20MICRONS.NS,36078514,2023,Jun,26,Wed,
6/22/2023,101.8,101.8,95.55,96.9,96.9,187040,20MICRONS.NS,18124176,2023,Jun,26,Thu,
6/23/2023,95.7,95.7,92.15,93.05,93.05,108928,20MICRONS.NS,10135751,2023,Jun,26,Fri,
3/23/2023,18.95,18.95,18.95,18.95,18.95,659,21STCENMGM.NS,12488,2023,Mar,13,Thu,
3/24/2023,19.3,19.3,19.3,19.3,19.3,1096,21STCENMGM.NS,21153,2023,Mar,13,Fri,
3/27/2023,19.65,19.65,19.65,19.65,19.65,3673,21STCENMGM.NS,72174,2023,Mar,14,Mon,
3/28/2023,20,20,20,20,20,2109,21STCENMGM.NS,42180,2023,Mar,14,Tue,
3/29/2023,20.4,20.4,20.4,20.4,20.4,2230,21STCENMGM.NS,45492,2023,Mar,14,Wed,
3/31/2023,20.8,20.8,20.8,20.8,20.8,1442,21STCENMGM.NS,29994,2023,Mar,14,Fri,
4/3/2023,21.2,21.2,21.2,21.2,21.2,445,21STCENMGM.NS,9434,2023,Apr,15,Mon,
4/5/2023,21.6,21.6,21.6,21.6,21.6,2273,21STCENMGM.NS,49097,2023,Apr,15,Wed,
4/6/2023,22,22,21.2,21.2,21.2,4497,21STCENMGM.NS,95336,2023,Apr,15,Thu,
4/10/2023,20.8,20.8,20.8,20.8,20.8,1934,21STCENMGM.NS,40227,2023,Apr,16,Mon,
4/11/2023,20.4,20.4,20.4,20.4,20.4,2659,21STCENMGM.NS,54244,2023,Apr,16,Tue,
4/12/2023,20,20,20,20,20,778,21STCENMGM.NS,15560,2023,Apr,16,Wed,
4/13/2023,19.6,20.4,19.6,20.35,20.35,4177,21STCENMGM.NS,85002,2023,Apr,16,Thu,
4/17/2023,20,20.6,19.95,20.1,20.1,6396,21STCENMGM.NS,128560,2023,Apr,17,Mon,
4/18/2023,19.95,20.4,19.9,20.4,20.4,1419,21STCENMGM.NS,28948,2023,Apr,17,Tue,
4/19/2023,20.35,20.35,20,20,20,1402,21STCENMGM.NS,28040,2023,Apr,17,Wed,
4/20/2023,19.6,20.3,19.6,20.1,20.1,1444,21STCENMGM.NS,29024,2023,Apr,17,Thu,
4/21/2023,19.7,19.7,19.7,19.7,19.7,1657,21STCENMGM.NS,32643,2023,Apr,17,Fri,
4/24/2023,19.3,19.3,19.3,19.3,19.3,979,21STCENMGM.NS,18895,2023,Apr,18,Mon,
4/25/2023,19.3,19.3,18.95,19.3,19.3,663,21STCENMGM.NS,12796,2023,Apr,18,Tue,
4/26/2023,18.95,18.95,18.95,18.95,18.95,1777,21STCENMGM.NS,33674,2023,Apr,18,Wed,
4/27/2023,18.6,18.6,18.6,18.6,18.6,2276,21STCENMGM.NS,42334,2023,Apr,18,Thu,
4/28/2023,18.6,18.6,18.3,18.6,18.6,1854,21STCENMGM.NS,34484,2023,Apr,18,Fri,
5/2/2023,18.6,18.9,18.25,18.8,18.8,1642,21STCENMGM.NS,30870,2023,May,19,Tue,
5/3/2023,18.45,18.95,18.45,18.45,18.45,2178,21STCENMGM.NS,40184,2023,May,19,Wed,
5/4/2023,18.15,18.75,18.15,18.35,18.35,3081,21STCENMGM.NS,56536,2023,May,19,Thu,
5/5/2023,18.5,18.7,18.2,18.65,18.65,1388,21STCENMGM.NS,25886,2023,May,19,Fri,
5/8/2023,19,19,18.4,18.6,18.6,2251,21STCENMGM.NS,41869,2023,May,20,Mon,
5/9/2023,18.9,18.9,18.5,18.8,18.8,2658,21STCENMGM.NS,49970,2023,May,20,Tue,
5/10/2023,18.7,19.1,18.5,18.65,18.65,2919,21STCENMGM.NS,54439,2023,May,20,Wed,
5/11/2023,19,19,18.3,18.45,18.45,2662,21STCENMGM.NS,49114,2023,May,20,Thu,
5/12/2023,18.8,18.8,18.5,18.7,18.7,301,21STCENMGM.NS,5629,2023,May,20,Fri,
5/15/2023,18.35,19.05,18.35,18.85,18.85,1609,21STCENMGM.NS,30330,2023,May,21,Mon,
5/16/2023,18.7,19,18.5,18.55,18.55,989,21STCENMGM.NS,18346,2023,May,21,Tue,
5/17/2023,18.55,18.9,18.25,18.25,18.25,4608,21STCENMGM.NS,84096,2023,May,21,Wed,
5/18/2023,18.25,18.6,18.25,18.25,18.25,1129,21STCENMGM.NS,20604,2023,May,21,Thu,
5/19/2023,18,18.6,18,18.5,18.5,3918,21STCENMGM.NS,72483,2023,May,21,Fri,
5/22/2023,18.2,18.8,18.15,18.7,18.7,3601,21STCENMGM.NS,67339,2023,May,22,Mon,
5/23/2023,18.7,18.7,18.35,18.55,18.55,5337,21STCENMGM.NS,99001,2023,May,22,Tue,
5/24/2023,18.55,18.9,18.55,18.6,18.6,1839,21STCENMGM.NS,34205,2023,May,22,Wed,
5/25/2023,18.6,18.6,18.3,18.45,18.45,10527,21STCENMGM.NS,194223,2023,May,22,Thu,
5/26/2023,18.1,18.7,18.1,18.45,18.45,15147,21STCENMGM.NS,279462,2023,May,22,Fri,
5/29/2023,18.6,18.6,18.1,18.1,18.1,1549,21STCENMGM.NS,28037,2023,May,23,Mon,
5/30/2023,17.8,18.35,17.75,18.15,18.15,5616,21STCENMGM.NS,101930,2023,May,23,Tue,
5/31/2023,18.15,18.2,17.8,17.85,17.85,2129,21STCENMGM.NS,38003,2023,May,23,Wed,
6/1/2023,17.85,18.2,17.75,17.9,17.9,102,21STCENMGM.NS,1826,2023,Jun,23,Thu,
6/2/2023,17.9,18.25,17.55,17.65,17.65,1855,21STCENMGM.NS,32741,2023,Jun,23,Fri,
6/5/2023,17.65,18,17.3,17.35,17.35,7624,21STCENMGM.NS,132276,2023,Jun,24,Mon,
6/6/2023,17.6,17.65,17,17.6,17.6,9471,21STCENMGM.NS,166690,2023,Jun,24,Tue,
6/7/2023,17.95,17.95,17.95,17.95,17.95,1306,21STCENMGM.NS,23443,2023,Jun,24,Wed,
6/8/2023,18.3,18.3,18.3,18.3,18.3,3625,21STCENMGM.NS,66337,2023,Jun,24,Thu,
6/9/2023,18.65,18.65,18.65,18.65,18.65,870,21STCENMGM.NS,16225,2023,Jun,24,Fri,
6/12/2023,19,19,18.95,19,19,60275,21STCENMGM.NS,1145225,2023,Jun,25,Mon,
6/13/2023,19.2,19.35,19.2,19.35,19.35,761,21STCENMGM.NS,14725,2023,Jun,25,Tue,
6/14/2023,19.7,19.7,19.7,19.7,19.7,1172,21STCENMGM.NS,23088,2023,Jun,25,Wed,
6/15/2023,20.05,20.05,20.05,20.05,20.05,9946,21STCENMGM.NS,199417,2023,Jun,25,Thu,
6/16/2023,20.45,20.45,20.45,20.45,20.45,2310,21STCENMGM.NS,47240,2023,Jun,25,Fri,
6/19/2023,20.85,20.85,20.85,20.85,20.85,1635,21STCENMGM.NS,34090,2023,Jun,26,Mon,
6/20/2023,21.25,21.25,21.25,21.25,21.25,585,21STCENMGM.NS,12431,2023,Jun,26,Tue,
6/21/2023,21.65,21.65,21.65,21.65,21.65,1958,21STCENMGM.NS,42391,2023,Jun,26,Wed,
6/22/2023,22.05,22.05,22.05,22.05,22.05,1019,21STCENMGM.NS,22469,2023,Jun,26,Thu,
6/23/2023,22.45,22.45,22.45,22.45,22.45,6158,21STCENMGM.NS,138247,2023,Jun,26,Fri,
3/23/2023,427,432.55,413.2,429.6,425.33,175154,360ONE.NS,75246159,2023,Mar,13,Thu,
3/24/2023,422,434.85,419.95,429.1,424.84,138825,360ONE.NS,59569808,2023,Mar,13,Fri,
3/27/2023,427,432.85,411.15,428.65,424.39,119069,360ONE.NS,51038926,2023,Mar,14,Mon,
3/28/2023,428.55,437.95,422,435.95,431.62,182283,360ONE.NS,79466276,2023,Mar,14,Tue,
3/29/2023,436.4,440,425.1,438.6,434.25,157615,360ONE.NS,69129940,2023,Mar,14,Wed,
3/31/2023,405,434.9,404.95,430.7,426.42,456185,360ONE.NS,196478885,2023,Mar,14,Fri,
4/3/2023,427,435.5,418.3,422,417.81,82023,360ONE.NS,34613706,2023,Apr,15,Mon,
4/5/2023,422,435.65,421.45,428.45,424.2,126199,360ONE.NS,54069963,2023,Apr,15,Wed,
4/6/2023,440,444.4,429,439.8,435.43,1336993,360ONE.NS,588009505,2023,Apr,15,Thu,
4/10/2023,442.95,442.95,431,432.2,427.91,905345,360ONE.NS,391290120,2023,Apr,16,Mon,
4/11/2023,435.15,435.15,423,425.6,421.37,251213,360ONE.NS,106916254,2023,Apr,16,Tue,
4/12/2023,425.6,429.6,420.65,427.45,423.21,41227,360ONE.NS,17622482,2023,Apr,16,Wed,
4/13/2023,428,433.5,427,428.15,423.9,41075,360ONE.NS,17586261,2023,Apr,16,Thu,
4/17/2023,428.15,442.4,395.8,403.4,399.4,6070499,360ONE.NS,2448839260,2023,Apr,17,Mon,
4/18/2023,403.5,414.95,403.5,407.5,403.45,276773,360ONE.NS,112784998,2023,Apr,17,Tue,
4/19/2023,411.3,417.85,403.65,415.1,410.98,534435,360ONE.NS,221843972,2023,Apr,17,Wed,
4/20/2023,416,416.9,408.9,409.85,405.78,183907,360ONE.NS,75374285,2023,Apr,17,Thu,
4/21/2023,409.85,412.2,404.25,407,402.96,146745,360ONE.NS,59725215,2023,Apr,17,Fri,
4/24/2023,412.25,416.95,407,415.95,411.82,141834,360ONE.NS,58995854,2023,Apr,18,Mon,
4/25/2023,415.95,418.75,412.9,415.9,411.77,259300,360ONE.NS,107842868,2023,Apr,18,Tue,
4/26/2023,417.95,417.95,403.2,411.05,406.97,163583,360ONE.NS,67240790,2023,Apr,18,Wed,
4/27/2023,414.7,416.9,410.3,415.45,411.33,75452,360ONE.NS,31346534,2023,Apr,18,Thu,
4/28/2023,417,420.9,412,419.85,415.68,323783,360ONE.NS,135940295,2023,Apr,18,Fri,
5/2/2023,423,423.9,412.6,418.3,414.15,176212,360ONE.NS,73709477,2023,May,19,Tue,
5/3/2023,416,423.85,410.15,417.05,412.91,153987,360ONE.NS,64220276,2023,May,19,Wed,
5/4/2023,421,422.35,416.75,420.25,416.08,267906,360ONE.NS,112587497,2023,May,19,Thu,
5/5/2023,411,419.75,408,413.9,409.79,150641,360ONE.NS,62350309,2023,May,19,Fri,
5/8/2023,418,418,405.1,406.35,402.32,113009,360ONE.NS,45921208,2023,May,20,Mon,
5/9/2023,412,412,399.7,401.35,397.37,589981,360ONE.NS,236788878,2023,May,20,Tue,
5/10/2023,405,409.2,401.55,406,401.97,63146,360ONE.NS,25637276,2023,May,20,Wed,
5/11/2023,406.95,408.35,400.05,402.9,398.9,137885,360ONE.NS,55553866,2023,May,20,Thu,
5/12/2023,402,415.5,401,409.05,409.05,144530,360ONE.NS,59119995,2023,May,20,Fri,
5/15/2023,414.75,416.95,406.75,410.15,410.15,379895,360ONE.NS,155813932,2023,May,21,Mon,
5/16/2023,414.25,414.8,398,402.65,402.65,295027,360ONE.NS,118792620,2023,May,21,Tue,
5/17/2023,404.65,418,399.1,405.85,405.85,1543786,360ONE.NS,626545558,2023,May,21,Wed,
5/18/2023,408.75,408.75,399.15,402.2,402.2,1159692,360ONE.NS,466428137,2023,May,21,Thu,
5/19/2023,402.2,407.95,399.15,403.3,403.3,349082,360ONE.NS,140784766,2023,May,21,Fri,
5/22/2023,403,411.45,401,404.2,404.2,256281,360ONE.NS,103588783,2023,May,22,Mon,
5/23/2023,405.3,417,404.05,415.45,415.45,630668,360ONE.NS,262011028,2023,May,22,Tue,
5/24/2023,411,420.6,409.4,412,412,892116,360ONE.NS,367551792,2023,May,22,Wed,
5/25/2023,412,419.8,410,415.75,415.75,72409,360ONE.NS,30104042,2023,May,22,Thu,
5/26/2023,415.8,419.3,413.2,416.2,416.2,141289,360ONE.NS,58804484,2023,May,22,Fri,
5/29/2023,419.95,420.5,416.35,419.75,419.75,77997,360ONE.NS,32739241,2023,May,23,Mon,
5/30/2023,419.75,422.05,416.7,419.25,419.25,334526,360ONE.NS,140250026,2023,May,23,Tue,
5/31/2023,419.25,421.95,415,418.5,418.5,467224,360ONE.NS,195533244,2023,May,23,Wed,
6/1/2023,419.1,425,418.2,419.9,419.9,755519,360ONE.NS,317242423,2023,Jun,23,Thu,
6/2/2023,423.8,426,416.1,419.1,419.1,269471,360ONE.NS,112935298,2023,Jun,23,Fri,
6/5/2023,422.95,424.95,415,421.55,421.55,2471395,360ONE.NS,1041816532,2023,Jun,24,Mon,
6/6/2023,422,433,416.1,418.45,418.45,255272,360ONE.NS,106818572,2023,Jun,24,Tue,
6/7/2023,422.2,427.5,419.5,422.75,422.75,225170,360ONE.NS,95190618,2023,Jun,24,Wed,
6/8/2023,422.75,425.5,420,421.9,421.9,502785,360ONE.NS,212124988,2023,Jun,24,Thu,
6/9/2023,422.35,427.2,417.35,419.7,419.7,532079,360ONE.NS,223313563,2023,Jun,24,Fri,
6/12/2023,420,424,417.35,421.3,421.3,496823,360ONE.NS,209311524,2023,Jun,25,Mon,
6/13/2023,421.75,435,421.7,433.7,433.7,1505776,360ONE.NS,653055070,2023,Jun,25,Tue,
6/14/2023,433.75,440,432.85,438.5,438.5,672876,360ONE.NS,295056126,2023,Jun,25,Wed,
6/15/2023,440.95,444,437.3,439.45,439.45,281156,360ONE.NS,123554008,2023,Jun,25,Thu,
6/16/2023,443.45,445.1,438.1,440.65,440.65,85836,360ONE.NS,37823633,2023,Jun,25,Fri,
6/19/2023,441.15,446,439.7,441.2,441.2,108424,360ONE.NS,47836670,2023,Jun,26,Mon,
6/20/2023,438.6,443.45,433.85,441.2,441.2,965581,360ONE.NS,426014349,2023,Jun,26,Tue,
6/21/2023,441.7,449.4,438.65,439.95,439.95,512002,360ONE.NS,225255286,2023,Jun,26,Wed,
6/22/2023,443.15,462.5,441.15,452.45,452.45,600719,360ONE.NS,271795319,2023,Jun,26,Thu,
6/23/2023,454.9,470.5,419.85,450.6,450.6,491203,360ONE.NS,221336075,2023,Jun,26,Fri,
3/23/2023,30.35,30.6,29.9,30.2,30.2,555581,3IINFOLTD.NS,16778547,2023,Mar,13,Thu,
3/24/2023,30.2,30.85,29.65,29.85,29.85,707646,3IINFOLTD.NS,21123233,2023,Mar,13,Fri,
3/27/2023,30.4,30.4,28.1,28.2,28.2,839368,3IINFOLTD.NS,23670178,2023,Mar,14,Mon,
3/28/2023,28,28.25,26.25,26.45,26.45,688053,3IINFOLTD.NS,18199002,2023,Mar,14,Tue,
3/29/2023,26.6,28.05,26.6,26.9,26.9,756524,3IINFOLTD.NS,20350495,2023,Mar,14,Wed,
3/31/2023,27.1,28.45,27.05,27.45,27.45,960610,3IINFOLTD.NS,26368745,2023,Mar,14,Fri,
4/3/2023,27.25,32.9,27.25,32.4,32.4,1680082,3IINFOLTD.NS,54434659,2023,Apr,15,Mon,
4/5/2023,33.3,36.4,33.3,35.65,35.65,3648301,3IINFOLTD.NS,130061936,2023,Apr,15,Wed,
4/6/2023,36.9,36.9,34.55,35.25,35.25,1375188,3IINFOLTD.NS,48475377,2023,Apr,15,Thu,
4/10/2023,34.3,35.2,34.2,34.4,34.4,507166,3IINFOLTD.NS,17446511,2023,Apr,16,Mon,
4/11/2023,34.4,35,33.4,33.85,33.85,340735,3IINFOLTD.NS,11533879,2023,Apr,16,Tue,
4/12/2023,33.75,34.65,33,33.4,33.4,398983,3IINFOLTD.NS,13326033,2023,Apr,16,Wed,
4/13/2023,33.55,33.55,32.9,33,33,216153,3IINFOLTD.NS,7133049,2023,Apr,16,Thu,
4/17/2023,33,33,30.1,31.4,31.4,434335,3IINFOLTD.NS,13638119,2023,Apr,17,Mon,
4/18/2023,31.75,33.75,31.75,32.8,32.8,702878,3IINFOLTD.NS,23054398,2023,Apr,17,Tue,
4/19/2023,33.2,33.8,32.8,33,33,289528,3IINFOLTD.NS,9554424,2023,Apr,17,Wed,
4/20/2023,33.2,33.75,32.9,33.1,33.1,338356,3IINFOLTD.NS,11199583,2023,Apr,17,Thu,
4/21/2023,33.2,33.4,32.95,33.2,33.2,259783,3IINFOLTD.NS,8624796,2023,Apr,17,Fri,
4/24/2023,33.15,33.3,32.4,32.55,32.55,231552,3IINFOLTD.NS,7537017,2023,Apr,18,Mon,
4/25/2023,32.7,33.1,32.45,32.7,32.7,194866,3IINFOLTD.NS,6372118,2023,Apr,18,Tue,
4/26/2023,32.7,33.3,32.25,32.6,32.6,319610,3IINFOLTD.NS,10419286,2023,Apr,18,Wed,
4/27/2023,32.8,33,32.55,32.75,32.75,234685,3IINFOLTD.NS,7685934,2023,Apr,18,Thu,
4/28/2023,32.9,33.25,32.65,32.85,32.85,337783,3IINFOLTD.NS,11096171,2023,Apr,18,Fri,
5/2/2023,33.1,33.9,33.05,33.6,33.6,339560,3IINFOLTD.NS,11409215,2023,May,19,Tue,
5/3/2023,33.6,36.2,33.5,35.05,35.05,1082956,3IINFOLTD.NS,37957607,2023,May,19,Wed,
5/4/2023,35.1,36.65,35.1,36.3,36.3,914649,3IINFOLTD.NS,33201758,2023,May,19,Thu,
5/5/2023,36.5,37.3,35.8,35.95,35.95,700694,3IINFOLTD.NS,25189950,2023,May,19,Fri,
5/8/2023,33,33.5,32.05,33.05,33.05,1525591,3IINFOLTD.NS,50420781,2023,May,20,Mon,
5/9/2023,33.1,33.7,32.65,33.05,33.05,614146,3IINFOLTD.NS,20297525,2023,May,20,Tue,
5/10/2023,33.05,33.35,31.3,32,32,642507,3IINFOLTD.NS,20560224,2023,May,20,Wed,
5/11/2023,32.3,32.75,32.1,32.65,32.65,289859,3IINFOLTD.NS,9463897,2023,May,20,Thu,
5/12/2023,32.65,32.9,32.25,32.75,32.75,263717,3IINFOLTD.NS,8636732,2023,May,20,Fri,
5/15/2023,32.85,33,32.4,32.55,32.55,201381,3IINFOLTD.NS,6554951,2023,May,21,Mon,
5/16/2023,32.75,32.95,31.9,32.05,32.05,356565,3IINFOLTD.NS,11427908,2023,May,21,Tue,
5/17/2023,32.15,32.4,31.95,32.25,32.25,198680,3IINFOLTD.NS,6407430,2023,May,21,Wed,
5/18/2023,31.85,32.55,31.8,31.95,31.95,243695,3IINFOLTD.NS,7786055,2023,May,21,Thu,
5/19/2023,32.05,32.2,31.8,32.05,32.05,242770,3IINFOLTD.NS,7780778,2023,May,21,Fri,
5/22/2023,33.3,33.3,31.1,31.4,31.4,543495,3IINFOLTD.NS,17065743,2023,May,22,Mon,
5/23/2023,31.45,31.7,31,31.05,31.05,297282,3IINFOLTD.NS,9230606,2023,May,22,Tue,
5/24/2023,31,31.4,30.7,30.9,30.9,310140,3IINFOLTD.NS,9583326,2023,May,22,Wed,
5/25/2023,30.75,31.45,30.75,31.2,31.2,267245,3IINFOLTD.NS,8338044,2023,May,22,Thu,
5/26/2023,31.25,31.75,31.15,31.45,31.45,265161,3IINFOLTD.NS,8339314,2023,May,22,Fri,
5/29/2023,31.5,31.9,31.45,31.6,31.6,243949,3IINFOLTD.NS,7708788,2023,May,23,Mon,
5/30/2023,31.6,31.6,31,31.15,31.15,274108,3IINFOLTD.NS,8538464,2023,May,23,Tue,
5/31/2023,31.05,31.45,30.95,31.1,31.1,218439,3IINFOLTD.NS,6793453,2023,May,23,Wed,
6/1/2023,31.25,31.8,31.1,31.65,31.65,428354,3IINFOLTD.NS,13557404,2023,Jun,23,Thu,
6/2/2023,31.6,33.15,31.6,32.5,32.5,768773,3IINFOLTD.NS,24985123,2023,Jun,23,Fri,
6/5/2023,32.75,33.15,32.1,32.3,32.3,321291,3IINFOLTD.NS,10377699,2023,Jun,24,Mon,
6/6/2023,32.5,32.5,31.7,31.9,31.9,227004,3IINFOLTD.NS,7241428,2023,Jun,24,Tue,
6/7/2023,31.9,32.8,31.9,32.3,32.3,361796,3IINFOLTD.NS,11686011,2023,Jun,24,Wed,
6/8/2023,32.3,32.65,32.05,32.15,32.15,330627,3IINFOLTD.NS,10629659,2023,Jun,24,Thu,
6/9/2023,32.25,32.3,31.8,32.1,32.1,223335,3IINFOLTD.NS,7169053,2023,Jun,24,Fri,
6/12/2023,32.35,33,32.15,32.3,32.3,445327,3IINFOLTD.NS,14384062,2023,Jun,25,Mon,
6/13/2023,32.5,35.1,32.35,33.75,33.75,2000947,3IINFOLTD.NS,67531961,2023,Jun,25,Tue,
6/14/2023,35.25,35.6,34,35.1,35.1,2169597,3IINFOLTD.NS,76152851,2023,Jun,25,Wed,
6/15/2023,35.4,35.6,34.1,34.35,34.35,622966,3IINFOLTD.NS,21398881,2023,Jun,25,Thu,
6/16/2023,34.35,34.8,34.2,34.45,34.45,412443,3IINFOLTD.NS,14208662,2023,Jun,25,Fri,
6/19/2023,34.3,34.85,33.75,33.85,33.85,311671,3IINFOLTD.NS,10550063,2023,Jun,26,Mon,
6/20/2023,34.95,36.85,34.95,36.25,36.25,3181457,3IINFOLTD.NS,115327816,2023,Jun,26,Tue,
6/21/2023,36.65,38.2,36.15,37.1,37.1,1969242,3IINFOLTD.NS,73058875,2023,Jun,26,Wed,
6/22/2023,37.25,37.45,35.9,36.1,36.1,608830,3IINFOLTD.NS,21978762,2023,Jun,26,Thu,
6/23/2023,36.1,36.15,35,35.15,35.15,453466,3IINFOLTD.NS,15939331,2023,Jun,26,Fri,
3/23/2023,22386,22568,21741.2,21783.35,21783.35,3256,3MINDIA.NS,70926586,2023,Mar,13,Thu,
3/24/2023,21900,22527.95,21730,22323.05,22323.05,2615,3MINDIA.NS,58374778,2023,Mar,13,Fri,
3/27/2023,22323.05,22879.75,22204.6,22752.6,22752.6,3456,3MINDIA.NS,78632984,2023,Mar,14,Mon,
3/28/2023,22751,22948,22208.4,22768.4,22768.4,4724,3MINDIA.NS,107557923,2023,Mar,14,Tue,
3/29/2023,22650,23250,22589,23095,23095,1977,3MINDIA.NS,45658815,2023,Mar,14,Wed,
3/31/2023,23095.95,23284.4,22800,22963.85,22963.85,2677,3MINDIA.NS,61474225,2023,Mar,14,Fri,
4/3/2023,23189.95,23189.95,22572.1,22669.1,22669.1,2155,3MINDIA.NS,48851910,2023,Apr,15,Mon,
4/5/2023,22699.8,22783.65,22440.05,22667.65,22667.65,3427,3MINDIA.NS,77682038,2023,Apr,15,Wed,
4/6/2023,22700,23400,22261.55,23328.25,23328.25,5069,3MINDIA.NS,118250899,2023,Apr,15,Thu,
4/10/2023,23400,23400,22700,22780.45,22780.45,2474,3MINDIA.NS,56358831,2023,Apr,16,Mon,
4/11/2023,22846,23409.95,22808.7,23281.9,23281.9,2655,3MINDIA.NS,61813446,2023,Apr,16,Tue,
4/12/2023,23200,23280.85,23000.1,23031.9,23031.9,1263,3MINDIA.NS,29089290,2023,Apr,16,Wed,
4/13/2023,23035,23300,22698.95,22861.6,22861.6,2381,3MINDIA.NS,54433469,2023,Apr,16,Thu,
4/17/2023,22920.05,23000,22750,22966.3,22966.3,2138,3MINDIA.NS,49101951,2023,Apr,17,Mon,
4/18/2023,22978,22999.7,22766.5,22839,22839,1136,3MINDIA.NS,25945104,2023,Apr,17,Tue,
4/19/2023,22919,22978.95,22700,22777.45,22777.45,970,3MINDIA.NS,22094126,2023,Apr,17,Wed,
4/20/2023,22878,22878,22540,22627.85,22627.85,3268,3MINDIA.NS,73947813,2023,Apr,17,Thu,
4/21/2023,22658.9,22714.7,22300,22347.9,22347.9,1055,3MINDIA.NS,23577035,2023,Apr,17,Fri,
4/24/2023,22400,22765.5,22125.25,22412.95,22412.95,6232,3MINDIA.NS,139677500,2023,Apr,18,Mon,
4/25/2023,22382.95,22800,22160.75,22296.2,22296.2,23477,3MINDIA.NS,523447869,2023,Apr,18,Tue,
4/26/2023,22296.2,22550,22259.35,22425.7,22425.7,3083,3MINDIA.NS,69138431,2023,Apr,18,Wed,
4/27/2023,22449.95,22650,22327.1,22611.75,22611.75,2202,3MINDIA.NS,49791074,2023,Apr,18,Thu,
4/28/2023,22600.1,22679.95,22296.2,22548.2,22548.2,2270,3MINDIA.NS,51184412,2023,Apr,18,Fri,
5/2/2023,22548.2,22580,22356,22390,22390,2285,3MINDIA.NS,51161150,2023,May,19,Tue,
5/3/2023,22359.95,23100,22201,23016.25,23016.25,3358,3MINDIA.NS,77288568,2023,May,19,Wed,
5/4/2023,23000,23666.6,22862.15,23529.95,23529.95,9294,3MINDIA.NS,218687348,2023,May,19,Thu,
5/5/2023,23500,23794,23200,23387.55,23387.55,3118,3MINDIA.NS,72922383,2023,May,19,Fri,
5/8/2023,23400,24076.2,23400,23785.65,23785.65,2469,3MINDIA.NS,58726771,2023,May,20,Mon,
5/9/2023,23785.65,24089.9,23785.05,23927.45,23927.45,13938,3MINDIA.NS,333500787,2023,May,20,Tue,
5/10/2023,24098.95,24113.4,23550.1,23669.1,23669.1,1289,3MINDIA.NS,30509469,2023,May,20,Wed,
5/11/2023,23800,23999.8,23511,23601.3,23601.3,1238,3MINDIA.NS,29218410,2023,May,20,Thu,
5/12/2023,23602.4,23948.65,23251.05,23495.6,23495.6,9516,3MINDIA.NS,223584126,2023,May,20,Fri,
5/15/2023,23534.45,23617.65,23195,23233.45,23233.45,4389,3MINDIA.NS,101971609,2023,May,21,Mon,
5/16/2023,23205,23384.4,23201,23299.25,23299.25,7150,3MINDIA.NS,166589638,2023,May,21,Tue,
5/17/2023,23207,23469.9,23001,23312.75,23312.75,1948,3MINDIA.NS,45413237,2023,May,21,Wed,
5/18/2023,23312.8,23500,23312.75,23363.35,23363.35,620,3MINDIA.NS,14485277,2023,May,21,Thu,
5/19/2023,23398.05,24004,23340,23911.9,23911.9,2607,3MINDIA.NS,62338324,2023,May,21,Fri,
5/22/2023,23911.9,24439.85,23854.85,24304.25,24304.25,3854,3MINDIA.NS,93668580,2023,May,22,Mon,
5/23/2023,24299.95,24299.95,23904.1,24062.55,24062.55,1770,3MINDIA.NS,42590715,2023,May,22,Tue,
5/24/2023,24062.55,24400,24044.45,24283.15,24283.15,0,3MINDIA.NS,-,2023,May,22,Wed,
5/25/2023,24283.15,24400,23828.25,23962.05,23962.05,1093,3MINDIA.NS,26190522,2023,May,22,Thu,
5/26/2023,23962,24600,23823.85,24216.55,24216.55,3086,3MINDIA.NS,74732276,2023,May,22,Fri,
5/29/2023,24226.5,24341.45,23939.95,24147.25,24147.25,1365,3MINDIA.NS,32960996,2023,May,23,Mon,
5/30/2023,24160,25077.95,23805,24817.45,24817.45,12792,3MINDIA.NS,317464810,2023,May,23,Tue,
5/31/2023,25000,25319,24617.9,25153.45,25153.45,7874,3MINDIA.NS,198058259,2023,May,23,Wed,
6/1/2023,25153.45,26450,25014.1,26290.7,26290.7,9503,3MINDIA.NS,249840515,2023,Jun,23,Thu,
6/2/2023,26340,26501.9,26055.45,26253.95,26253.95,5070,3MINDIA.NS,133107523,2023,Jun,23,Fri,
6/5/2023,26350,26897,26200,26804.2,26804.2,6486,3MINDIA.NS,173852036,2023,Jun,24,Mon,
6/6/2023,26800,27497,26576,27423.6,27423.6,4225,3MINDIA.NS,115864708,2023,Jun,24,Tue,
6/7/2023,27415,27717.45,26800,26962.15,26962.15,7947,3MINDIA.NS,214268209,2023,Jun,24,Wed,
6/8/2023,26999.7,27511.9,26561,26693,26693,3838,3MINDIA.NS,102447734,2023,Jun,24,Thu,
6/9/2023,26800,27172.5,26434.35,26529.35,26529.35,6060,3MINDIA.NS,160767859,2023,Jun,24,Fri,
6/12/2023,26660.3,26660.3,26329.45,26517.55,26517.55,1935,3MINDIA.NS,51311461,2023,Jun,25,Mon,
6/13/2023,26547.95,27089.9,26547.95,26947,26947,1649,3MINDIA.NS,44435603,2023,Jun,25,Tue,
6/14/2023,26940,28500,26888,28143.15,28143.15,5785,3MINDIA.NS,162808125,2023,Jun,25,Wed,
6/15/2023,28249.75,28483.8,27550,27750.15,27750.15,4592,3MINDIA.NS,127428691,2023,Jun,25,Thu,
6/16/2023,27987.95,28009.95,27755,27930.65,27930.65,4793,3MINDIA.NS,133871607,2023,Jun,25,Fri,
6/19/2023,27930.65,28150,27775,27812.9,27812.9,988,3MINDIA.NS,27479146,2023,Jun,26,Mon,
6/20/2023,27870,27921.25,27563.15,27679.55,27679.55,1341,3MINDIA.NS,37118278,2023,Jun,26,Tue,
6/21/2023,27738.75,27965.9,27000,27249.7,27249.7,3946,3MINDIA.NS,107527313,2023,Jun,26,Wed,
6/22/2023,27448,27507.95,26512,26642.95,26642.95,2448,3MINDIA.NS,65221940,2023,Jun,26,Thu,
6/23/2023,26744,27399,26581.5,26977,26977,3532,3MINDIA.NS,95282764,2023,Jun,26,Fri,
3/23/2023,20.15,20.75,20,20.35,20.35,6267,3PLAND.NS,127533,2023,Mar,13,Thu,
3/24/2023,20.15,20.6,19.9,20,20,5248,3PLAND.NS,104960,2023,Mar,13,Fri,
3/27/2023,20.25,20.4,19.85,20.35,20.35,4203,3PLAND.NS,85531,2023,Mar,14,Mon,
3/28/2023,20.6,20.65,19.85,20.1,20.1,4147,3PLAND.NS,83355,2023,Mar,14,Tue,
3/29/2023,20.1,20.65,19.25,20.45,20.45,8491,3PLAND.NS,173641,2023,Mar,14,Wed,
3/31/2023,20.85,20.85,19.8,20.1,20.1,11609,3PLAND.NS,233341,2023,Mar,14,Fri,
4/3/2023,20.1,21,19.8,20.5,20.5,19304,3PLAND.NS,395732,2023,Apr,15,Mon,
4/5/2023,20.8,21.5,20.7,21.45,21.45,14499,3PLAND.NS,311004,2023,Apr,15,Wed,
4/6/2023,22.5,22.5,21.65,22.05,22.05,12613,3PLAND.NS,278117,2023,Apr,15,Thu,
4/10/2023,22,23.15,22,23.15,23.15,16003,3PLAND.NS,370469,2023,Apr,16,Mon,
4/11/2023,23.8,25.45,23.8,25.45,25.45,31279,3PLAND.NS,796051,2023,Apr,16,Tue,
4/12/2023,27.75,27.75,22.9,23.2,23.2,54037,3PLAND.NS,1253658,2023,Apr,16,Wed,
4/13/2023,23.2,25.25,23.2,24.25,24.25,19105,3PLAND.NS,463296,2023,Apr,16,Thu,
4/17/2023,24.25,24.95,23.85,24.4,24.4,14708,3PLAND.NS,358875,2023,Apr,17,Mon,
4/18/2023,24.4,25.2,23.9,24.05,24.05,9293,3PLAND.NS,223497,2023,Apr,17,Tue,
4/19/2023,24.05,24.7,23.8,24.15,24.15,3905,3PLAND.NS,94306,2023,Apr,17,Wed,
4/20/2023,24.15,24.8,22.9,23.85,23.85,9721,3PLAND.NS,231846,2023,Apr,17,Thu,
4/21/2023,24.35,24.8,23.5,24.1,24.1,4489,3PLAND.NS,108185,2023,Apr,17,Fri,
4/24/2023,24.25,24.3,23.2,23.9,23.9,3984,3PLAND.NS,95218,2023,Apr,18,Mon,
4/25/2023,23.85,24.25,23.85,23.9,23.9,4163,3PLAND.NS,99496,2023,Apr,18,Tue,
4/26/2023,23.9,23.9,23,23.5,23.5,5487,3PLAND.NS,128945,2023,Apr,18,Wed,
4/27/2023,23.15,24.5,22.9,23.85,23.85,10435,3PLAND.NS,248875,2023,Apr,18,Thu,
4/28/2023,23.8,24.3,23.5,23.9,23.9,5559,3PLAND.NS,132860,2023,Apr,18,Fri,
5/2/2023,24.35,25.5,24,24.05,24.05,11630,3PLAND.NS,279701,2023,May,19,Tue,
5/3/2023,24.05,24.4,23.4,23.6,23.6,4451,3PLAND.NS,105044,2023,May,19,Wed,
5/4/2023,24.05,24.45,23.05,23.6,23.6,4960,3PLAND.NS,117056,2023,May,19,Thu,
5/5/2023,23.6,24.3,22.75,23.4,23.4,12199,3PLAND.NS,285457,2023,May,19,Fri,
5/8/2023,23.6,24,21.6,22.95,22.95,14674,3PLAND.NS,336768,2023,May,20,Mon,
5/9/2023,22.95,22.95,22.05,22.4,22.4,7926,3PLAND.NS,177542,2023,May,20,Tue,
5/10/2023,22.4,22.85,21.75,22.15,22.15,3187,3PLAND.NS,70592,2023,May,20,Wed,
5/11/2023,22.35,22.9,20.25,21.7,21.7,32996,3PLAND.NS,716013,2023,May,20,Thu,
5/12/2023,21.7,23.85,21.7,23.3,23.3,36346,3PLAND.NS,846862,2023,May,20,Fri,
5/15/2023,23.5,24.7,22.65,23,23,26241,3PLAND.NS,603543,2023,May,21,Mon,
5/16/2023,23.6,23.6,22.5,22.8,22.8,11301,3PLAND.NS,257663,2023,May,21,Tue,
5/17/2023,23,23.25,22.4,22.75,22.75,5772,3PLAND.NS,131313,2023,May,21,Wed,
5/18/2023,22.75,23.35,22.4,22.95,22.95,12178,3PLAND.NS,279485,2023,May,21,Thu,
5/19/2023,22.65,23.4,22.65,22.7,22.7,9793,3PLAND.NS,222301,2023,May,21,Fri,
5/22/2023,23.1,23.1,22,22.2,22.2,10545,3PLAND.NS,234099,2023,May,22,Mon,
5/23/2023,22.45,22.45,21.1,21.55,21.55,12579,3PLAND.NS,271077,2023,May,22,Tue,
5/24/2023,22.15,22.3,21,21.15,21.15,12940,3PLAND.NS,273681,2023,May,22,Wed,
5/25/2023,21.75,22,21.15,21.85,21.85,8172,3PLAND.NS,178558,2023,May,22,Thu,
5/26/2023,22.3,22.75,21.3,22.4,22.4,16828,3PLAND.NS,376947,2023,May,22,Fri,
5/29/2023,23.95,23.95,22.3,22.75,22.75,6907,3PLAND.NS,157134,2023,May,23,Mon,
5/30/2023,22.75,23.1,22.2,22.35,22.35,11256,3PLAND.NS,251572,2023,May,23,Tue,
5/31/2023,22.75,23,22.1,22.7,22.7,6923,3PLAND.NS,157152,2023,May,23,Wed,
6/1/2023,22.15,23.35,22,23.2,23.2,22045,3PLAND.NS,511444,2023,Jun,23,Thu,
6/2/2023,23.4,23.4,22.25,22.95,22.95,17654,3PLAND.NS,405159,2023,Jun,23,Fri,
6/5/2023,23.5,23.5,22.65,22.8,22.8,5841,3PLAND.NS,133175,2023,Jun,24,Mon,
6/6/2023,22.15,22.8,21.6,21.9,21.9,33527,3PLAND.NS,734241,2023,Jun,24,Tue,
6/7/2023,22.4,22.4,20.8,20.85,20.85,24649,3PLAND.NS,513932,2023,Jun,24,Wed,
6/8/2023,21.3,21.85,20.8,21.85,21.85,13538,3PLAND.NS,295805,2023,Jun,24,Thu,
6/9/2023,21.8,21.8,20.75,21.3,21.3,36221,3PLAND.NS,771507,2023,Jun,24,Fri,
6/12/2023,21.3,22,20.25,20.8,20.8,29498,3PLAND.NS,613558,2023,Jun,25,Mon,
6/13/2023,20.8,21.8,20.2,21.6,21.6,22782,3PLAND.NS,492091,2023,Jun,25,Tue,
6/14/2023,20.8,21.45,20.8,21.2,21.2,2128,3PLAND.NS,45114,2023,Jun,25,Wed,
6/15/2023,20.85,21.65,20.15,20.25,20.25,19949,3PLAND.NS,403967,2023,Jun,25,Thu,
6/16/2023,20.95,21.25,20.6,21.2,21.2,17774,3PLAND.NS,376809,2023,Jun,25,Fri,
6/19/2023,21.5,21.6,20.15,21.2,21.2,10624,3PLAND.NS,225229,2023,Jun,26,Mon,
6/20/2023,21.6,21.6,20.75,20.9,20.9,4120,3PLAND.NS,86108,2023,Jun,26,Tue,
6/21/2023,20.6,21.15,20.3,20.7,20.7,16230,3PLAND.NS,335961,2023,Jun,26,Wed,
6/22/2023,21.15,21.2,20.3,20.3,20.3,5173,3PLAND.NS,105012,2023,Jun,26,Thu,
6/23/2023,20.7,20.7,19.3,19.3,19.3,11801,3PLAND.NS,227759,2023,Jun,26,Fri,
3/23/2023,38.6,38.6,38.6,38.6,38.6,1480,4THDIM.NS,57128,2023,Mar,13,Thu,
3/24/2023,37.85,37.85,37.85,37.85,37.85,806,4THDIM.NS,30507,2023,Mar,13,Fri,
3/27/2023,37.1,37.1,37.1,37.1,37.1,1296,4THDIM.NS,48082,2023,Mar,14,Mon,
3/28/2023,36.35,36.35,36.35,36.35,36.35,485,4THDIM.NS,17630,2023,Mar,14,Tue,
3/29/2023,35.65,35.65,35.65,35.65,35.65,1607,4THDIM.NS,57290,2023,Mar,14,Wed,
3/31/2023,34.95,34.95,34.95,34.95,34.95,1139,4THDIM.NS,39808,2023,Mar,14,Fri,
4/3/2023,34.25,34.25,34.25,34.25,34.25,7449,4THDIM.NS,255128,2023,Apr,15,Mon,
4/5/2023,33.6,33.6,33.6,33.6,33.6,7417,4THDIM.NS,249211,2023,Apr,15,Wed,
4/6/2023,32.95,32.95,32.95,32.95,32.95,6869,4THDIM.NS,226334,2023,Apr,15,Thu,
4/10/2023,32.3,32.3,32.3,32.3,32.3,19902,4THDIM.NS,642835,2023,Apr,16,Mon,
4/11/2023,31.65,31.65,31.65,31.65,31.65,414,4THDIM.NS,13103,2023,Apr,16,Tue,
4/12/2023,31.05,31.05,31.05,31.05,31.05,3523,4THDIM.NS,109389,2023,Apr,16,Wed,
4/13/2023,30.45,30.45,30.45,30.45,30.45,7880,4THDIM.NS,239946,2023,Apr,16,Thu,
4/17/2023,29.85,29.85,29.85,29.85,29.85,1949,4THDIM.NS,58178,2023,Apr,17,Mon,
4/18/2023,29.25,29.25,29.25,29.25,29.25,4538,4THDIM.NS,132737,2023,Apr,17,Tue,
4/19/2023,28.7,28.7,28.7,28.7,28.7,2502,4THDIM.NS,71807,2023,Apr,17,Wed,
4/20/2023,28.15,28.15,28.15,28.15,28.15,3421,4THDIM.NS,96301,2023,Apr,17,Thu,
4/21/2023,27.6,27.6,27.6,27.6,27.6,15440,4THDIM.NS,426144,2023,Apr,17,Fri,
4/24/2023,27.05,27.05,27.05,27.05,27.05,2442,4THDIM.NS,66056,2023,Apr,18,Mon,
4/25/2023,26.5,26.5,26.5,26.5,26.5,1494,4THDIM.NS,39591,2023,Apr,18,Tue,
4/26/2023,26,26,26,26,26,2222,4THDIM.NS,57772,2023,Apr,18,Wed,
4/27/2023,25.5,25.5,25.5,25.5,25.5,8354,4THDIM.NS,213027,2023,Apr,18,Thu,
4/28/2023,25,25,25,25,25,5346,4THDIM.NS,133650,2023,Apr,18,Fri,
5/2/2023,24.5,24.5,24.5,24.5,24.5,4007,4THDIM.NS,98172,2023,May,19,Tue,
5/3/2023,24.05,24.05,24.05,24.05,24.05,7674,4THDIM.NS,184560,2023,May,19,Wed,
5/4/2023,23.6,23.6,23.6,23.6,23.6,2456,4THDIM.NS,57962,2023,May,19,Thu,
5/5/2023,23.15,23.15,23.15,23.15,23.15,1639,4THDIM.NS,37943,2023,May,19,Fri,
5/8/2023,22.7,23.6,22.7,23.55,23.55,1017529,4THDIM.NS,23962807,2023,May,20,Mon,
5/9/2023,23.55,24,23.4,23.85,23.85,448078,4THDIM.NS,10686660,2023,May,20,Tue,
5/10/2023,23.9,24.3,23.7,24.3,24.3,303505,4THDIM.NS,7375171,2023,May,20,Wed,
5/11/2023,24.25,24.75,24,24.75,24.75,249692,4THDIM.NS,6179877,2023,May,20,Thu,
5/12/2023,25,25.2,24.85,25.1,25.1,235464,4THDIM.NS,5910146,2023,May,20,Fri,
5/15/2023,25.2,25.6,25.2,25.3,25.3,171047,4THDIM.NS,4327489,2023,May,21,Mon,
5/16/2023,25.4,25.65,24.8,24.8,24.8,428264,4THDIM.NS,10620947,2023,May,21,Tue,
5/17/2023,24.3,25.1,24.3,24.3,24.3,479343,4THDIM.NS,11648035,2023,May,21,Wed,
5/18/2023,23.85,24,23.85,23.85,23.85,109118,4THDIM.NS,2602464,2023,May,21,Thu,
5/19/2023,23.5,23.5,23.4,23.4,23.4,2924,4THDIM.NS,68422,2023,May,21,Fri,
5/22/2023,22.95,22.95,22.95,22.95,22.95,8098,4THDIM.NS,185849,2023,May,22,Mon,
5/23/2023,22.5,22.5,22.5,22.5,22.5,3472,4THDIM.NS,78120,2023,May,22,Tue,
5/24/2023,22.05,22.05,22.05,22.05,22.05,4712,4THDIM.NS,103900,2023,May,22,Wed,
5/25/2023,21.6,21.6,21.6,21.6,21.6,6339,4THDIM.NS,136922,2023,May,22,Thu,
5/26/2023,21.2,21.2,21.2,21.2,21.2,5500,4THDIM.NS,116600,2023,May,22,Fri,
5/29/2023,20.8,20.8,20.8,20.8,20.8,10432,4THDIM.NS,216986,2023,May,23,Mon,
5/30/2023,20.4,21.2,20.4,20.4,20.4,226592,4THDIM.NS,4622477,2023,May,23,Tue,
5/31/2023,20,20,20,20,20,58738,4THDIM.NS,1174760,2023,May,23,Wed,
6/1/2023,19.6,19.6,19.6,19.6,19.6,10971,4THDIM.NS,215032,2023,Jun,23,Thu,
6/2/2023,19.2,19.2,19.2,19.2,19.2,9242,4THDIM.NS,177446,2023,Jun,23,Fri,
6/5/2023,18.85,19.55,18.85,18.85,18.85,95031,4THDIM.NS,1791334,2023,Jun,24,Mon,
6/6/2023,18.5,18.5,18.5,18.5,18.5,10171,4THDIM.NS,188164,2023,Jun,24,Tue,
6/7/2023,18.15,18.15,18.15,18.15,18.15,12950,4THDIM.NS,235042,2023,Jun,24,Wed,
6/8/2023,17.8,17.8,17.8,17.8,17.8,9139,4THDIM.NS,162674,2023,Jun,24,Thu,
6/9/2023,17.45,17.45,17.45,17.45,17.45,7877,4THDIM.NS,137454,2023,Jun,24,Fri,
6/12/2023,17.1,17.75,17.1,17.7,17.7,387340,4THDIM.NS,6855918,2023,Jun,25,Mon,
6/13/2023,17.75,18.05,17.75,18.05,18.05,37607,4THDIM.NS,678806,2023,Jun,25,Tue,
6/14/2023,18.4,18.4,18.4,18.4,18.4,40329,4THDIM.NS,742054,2023,Jun,25,Wed,
6/15/2023,18.75,18.75,18.75,18.75,18.75,441421,4THDIM.NS,8276644,2023,Jun,25,Thu,
6/16/2023,19.1,19.1,18.5,19.05,19.05,406211,4THDIM.NS,7738319,2023,Jun,25,Fri,
6/19/2023,19.4,19.4,18.8,19.35,19.35,356017,4THDIM.NS,6888929,2023,Jun,26,Mon,
6/20/2023,19.7,19.7,19.2,19.6,19.6,411643,4THDIM.NS,8068203,2023,Jun,26,Tue,
6/21/2023,19.85,19.85,19.25,19.7,19.7,284021,4THDIM.NS,5595214,2023,Jun,26,Wed,
6/22/2023,19.7,19.9,19.3,19.3,19.3,316933,4THDIM.NS,6116807,2023,Jun,26,Thu,
6/23/2023,19.2,19.2,18.95,18.95,18.95,98006,4THDIM.NS,1857214,2023,Jun,26,Fri,
3/23/2023,284.9,289.9,281.7,284,284,15433,5PAISA.NS,4382972,2023,Mar,13,Thu,
3/24/2023,284.2,286.4,282.3,284.45,284.45,13351,5PAISA.NS,3797692,2023,Mar,13,Fri,
3/27/2023,288.65,295.05,275.5,280.6,280.6,22581,5PAISA.NS,6336229,2023,Mar,14,Mon,
3/28/2023,280.05,283.95,274.05,275.4,275.4,18697,5PAISA.NS,5149154,2023,Mar,14,Tue,
3/29/2023,279.45,279.45,274,274.95,274.95,11457,5PAISA.NS,3150102,2023,Mar,14,Wed,
3/31/2023,277.1,286.4,277.1,283,283,22219,5PAISA.NS,6287977,2023,Mar,14,Fri,
4/3/2023,285,288.95,280.4,285.05,285.05,16605,5PAISA.NS,4733255,2023,Apr,15,Mon,
4/5/2023,285.5,289,283.55,286.65,286.65,8660,5PAISA.NS,2482389,2023,Apr,15,Wed,
4/6/2023,288.5,290.65,286.1,289.65,289.65,9165,5PAISA.NS,2654642,2023,Apr,15,Thu,
4/10/2023,294,294,285,286.95,286.95,12782,5PAISA.NS,3667795,2023,Apr,16,Mon,
4/11/2023,286.5,301.65,286.5,293.85,293.85,32631,5PAISA.NS,9588620,2023,Apr,16,Tue,
4/12/2023,297,297.6,294.05,295.45,295.45,11379,5PAISA.NS,3361926,2023,Apr,16,Wed,
4/13/2023,298,298,292,294.15,294.15,6263,5PAISA.NS,1842261,2023,Apr,16,Thu,
4/17/2023,295,295,290.1,292.25,292.25,8283,5PAISA.NS,2420707,2023,Apr,17,Mon,
4/18/2023,296.55,299.45,291.55,294.5,294.5,60627,5PAISA.NS,17854652,2023,Apr,17,Tue,
4/19/2023,298,298,290.35,293.3,293.3,12722,5PAISA.NS,3731362,2023,Apr,17,Wed,
4/20/2023,293.3,298,292.45,296.85,296.85,19330,5PAISA.NS,5738111,2023,Apr,17,Thu,
4/21/2023,299,299,293.3,294.85,294.85,6785,5PAISA.NS,2000557,2023,Apr,17,Fri,
4/24/2023,299.25,304.5,294.85,301.6,301.6,13452,5PAISA.NS,4057123,2023,Apr,18,Mon,
4/25/2023,304.5,304.95,298.1,300.1,300.1,27253,5PAISA.NS,8178625,2023,Apr,18,Tue,
4/26/2023,302.9,302.9,296.05,299.15,299.15,13842,5PAISA.NS,4140834,2023,Apr,18,Wed,
4/27/2023,301.5,301.5,295.6,298.35,298.35,12754,5PAISA.NS,3805156,2023,Apr,18,Thu,
4/28/2023,301,312.9,301,307.95,307.95,64418,5PAISA.NS,19837524,2023,Apr,18,Fri,
5/2/2023,325,330,305,307.85,307.85,156471,5PAISA.NS,48169598,2023,May,19,Tue,
5/3/2023,314,314,305,306.65,306.65,32494,5PAISA.NS,9964285,2023,May,19,Wed,
5/4/2023,311,311,307.15,308.7,308.7,26889,5PAISA.NS,8300635,2023,May,19,Thu,
5/5/2023,311,319.8,309.5,312.9,312.9,74348,5PAISA.NS,23263489,2023,May,19,Fri,
5/8/2023,317.45,319.75,313.05,316.4,316.4,34530,5PAISA.NS,10925292,2023,May,20,Mon,
5/9/2023,312,316.45,312,313.55,313.55,38003,5PAISA.NS,11915840,2023,May,20,Tue,
5/10/2023,316.7,316.7,312.5,314.05,314.05,17107,5PAISA.NS,5372453,2023,May,20,Wed,
5/11/2023,314.95,317.3,312,314.25,314.25,20847,5PAISA.NS,6551170,2023,May,20,Thu,
5/12/2023,312.05,315,312.05,313.55,313.55,13660,5PAISA.NS,4283093,2023,May,20,Fri,
5/15/2023,316.9,316.95,308.8,309.8,309.8,40383,5PAISA.NS,12510653,2023,May,21,Mon,
5/16/2023,315,315,309,310.25,310.25,29432,5PAISA.NS,9131278,2023,May,21,Tue,
5/17/2023,312,314.35,307.6,310.5,310.5,19281,5PAISA.NS,5986751,2023,May,21,Wed,
5/18/2023,314.95,314.95,312,312.95,312.95,20874,5PAISA.NS,6532519,2023,May,21,Thu,
5/19/2023,315,316,311.05,313.45,313.45,34859,5PAISA.NS,10926554,2023,May,21,Fri,
5/22/2023,318,318,310,311.5,311.5,39080,5PAISA.NS,12173420,2023,May,22,Mon,
5/23/2023,314.7,314.7,308.4,309.4,309.4,22172,5PAISA.NS,6860017,2023,May,22,Tue,
5/24/2023,309.6,311.95,309,310.75,310.75,17912,5PAISA.NS,5566154,2023,May,22,Wed,
5/25/2023,313,314.2,308.05,310.7,310.7,32765,5PAISA.NS,10180086,2023,May,22,Thu,
5/26/2023,320,363.9,319.95,342.8,342.8,1561438,5PAISA.NS,535260927,2023,May,22,Fri,
5/29/2023,345,366.4,345,357.35,357.35,391743,5PAISA.NS,139989363,2023,May,23,Mon,
5/30/2023,358,362.6,341.75,344.75,344.75,90217,5PAISA.NS,31102311,2023,May,23,Tue,
5/31/2023,345,360,340.8,356.1,356.1,78583,5PAISA.NS,27983407,2023,May,23,Wed,
6/1/2023,359.9,375.25,356,367.7,367.7,103073,5PAISA.NS,37899943,2023,Jun,23,Thu,
6/2/2023,375.45,378,363.3,368.35,368.35,90121,5PAISA.NS,33196071,2023,Jun,23,Fri,
6/5/2023,371.5,390,369.1,380.2,380.2,208324,5PAISA.NS,79204787,2023,Jun,24,Mon,
6/6/2023,382.85,384.7,375.05,381.1,381.1,53429,5PAISA.NS,20361792,2023,Jun,24,Tue,
6/7/2023,382.5,393,379,380.65,380.65,71590,5PAISA.NS,27250733,2023,Jun,24,Wed,
6/8/2023,384,384,375.15,377.35,377.35,51057,5PAISA.NS,19266359,2023,Jun,24,Thu,
6/9/2023,370,377,366,366.85,366.85,58425,5PAISA.NS,21433212,2023,Jun,24,Fri,
6/12/2023,370.5,378.2,368.6,372.95,372.95,34109,5PAISA.NS,12720952,2023,Jun,25,Mon,
6/13/2023,374.95,376,364,366.2,366.2,31067,5PAISA.NS,11376736,2023,Jun,25,Tue,
6/14/2023,369.85,372.45,362.05,365.95,365.95,53545,5PAISA.NS,19594793,2023,Jun,25,Wed,
6/15/2023,366.05,370.75,364.1,366.5,366.5,42539,5PAISA.NS,15590544,2023,Jun,25,Thu,
6/16/2023,363.05,380,363.05,364.6,364.6,78650,5PAISA.NS,28675790,2023,Jun,25,Fri,
6/19/2023,369.85,369.95,358.05,362.35,362.35,58830,5PAISA.NS,21317051,2023,Jun,26,Mon,
6/20/2023,331,357.6,331,356.1,356.1,196684,5PAISA.NS,70039174,2023,Jun,26,Tue,
6/21/2023,375,375,362,366.9,366.9,117897,5PAISA.NS,43256409,2023,Jun,26,Wed,
6/22/2023,372.35,372.35,355,356.85,356.85,48023,5PAISA.NS,17137008,2023,Jun,26,Thu,
6/23/2023,360.4,361,350.2,355.7,355.7,32185,5PAISA.NS,11448205,2023,Jun,26,Fri,
3/23/2023,166.9,169.8,163,165.5,165.5,115766,63MOONS.NS,19159273,2023,Mar,13,Thu,
3/24/2023,164.8,177.35,163.95,175.5,175.5,283063,63MOONS.NS,49677557,2023,Mar,13,Fri,
3/27/2023,175.7,186.65,172.05,177.7,177.7,649692,63MOONS.NS,115450266,2023,Mar,14,Mon,
3/28/2023,179.05,183.45,172.95,176.75,176.75,672498,63MOONS.NS,118864022,2023,Mar,14,Tue,
3/29/2023,172.4,180,172.4,174.75,174.75,127559,63MOONS.NS,22290935,2023,Mar,14,Wed,
3/31/2023,175.25,180.95,173.45,174.75,174.75,104575,63MOONS.NS,18274481,2023,Mar,14,Fri,
4/3/2023,176,185,175.95,183.25,183.25,111747,63MOONS.NS,20477638,2023,Apr,15,Mon,
4/5/2023,183,184.15,178.85,180.65,180.65,62726,63MOONS.NS,11331452,2023,Apr,15,Wed,
4/6/2023,180.95,182.9,173.2,174.05,174.05,170077,63MOONS.NS,29601902,2023,Apr,15,Thu,
4/10/2023,175,175,168.15,168.6,168.6,137694,63MOONS.NS,23215209,2023,Apr,16,Mon,
4/11/2023,169.5,174.7,168.75,171.55,171.55,138122,63MOONS.NS,23694830,2023,Apr,16,Tue,
4/12/2023,172.5,173.95,169.1,170.05,170.05,153481,63MOONS.NS,26099445,2023,Apr,16,Wed,
4/13/2023,170,175,169.15,172.55,172.55,133383,63MOONS.NS,23015237,2023,Apr,16,Thu,
4/17/2023,173,173,163.4,166.8,166.8,206675,63MOONS.NS,34473391,2023,Apr,17,Mon,
4/18/2023,167.65,168.95,165.1,166.8,166.8,47026,63MOONS.NS,7843937,2023,Apr,17,Tue,
4/19/2023,167,170,166.5,167.35,167.35,58148,63MOONS.NS,9731068,2023,Apr,17,Wed,
4/20/2023,168.15,168.85,165.05,166.3,166.3,66432,63MOONS.NS,11047642,2023,Apr,17,Thu,
4/21/2023,167.15,170.4,165.8,167.8,167.8,76266,63MOONS.NS,12797435,2023,Apr,17,Fri,
4/24/2023,167.8,168.7,163.75,164.9,164.9,47773,63MOONS.NS,7877767,2023,Apr,18,Mon,
4/25/2023,165.3,167.35,164.3,165.85,165.85,44120,63MOONS.NS,7317302,2023,Apr,18,Tue,
4/26/2023,166.2,169.05,162.1,166.15,166.15,83609,63MOONS.NS,13891635,2023,Apr,18,Wed,
4/27/2023,167.2,173.9,166.4,168.65,168.65,90347,63MOONS.NS,15237021,2023,Apr,18,Thu,
4/28/2023,169.95,171.45,168,170.4,170.4,56280,63MOONS.NS,9590112,2023,Apr,18,Fri,
5/2/2023,170.4,172.15,168,169.55,169.55,47570,63MOONS.NS,8065494,2023,May,19,Tue,
5/3/2023,169.5,172.9,168.8,171.1,171.1,66181,63MOONS.NS,11323570,2023,May,19,Wed,
5/4/2023,171.95,176,170.2,174.1,174.1,98731,63MOONS.NS,17189068,2023,May,19,Thu,
5/5/2023,174,174,169.6,171.15,171.15,62683,63MOONS.NS,10728195,2023,May,19,Fri,
5/8/2023,171.6,174.8,170.05,173.05,173.05,76784,63MOONS.NS,13287471,2023,May,20,Mon,
5/9/2023,174.1,176.1,171.1,171.5,171.5,61558,63MOONS.NS,10557197,2023,May,20,Tue,
5/10/2023,171.9,181.2,170,177.2,177.2,188704,63MOONS.NS,33438348,2023,May,20,Wed,
5/11/2023,175.7,180.15,175,175.85,175.85,46184,63MOONS.NS,8121457,2023,May,20,Thu,
5/12/2023,175.5,178.4,173.1,174.95,174.95,46120,63MOONS.NS,8068694,2023,May,20,Fri,
5/15/2023,174.7,175.85,172.75,173.25,173.25,48399,63MOONS.NS,8385127,2023,May,21,Mon,
5/16/2023,173.25,174,169.8,171.1,171.1,68410,63MOONS.NS,11704951,2023,May,21,Tue,
5/17/2023,171.1,173,168.35,170.05,170.05,45592,63MOONS.NS,7752920,2023,May,21,Wed,
5/18/2023,171.8,172.95,166.55,167.5,167.5,64265,63MOONS.NS,10764388,2023,May,21,Thu,
5/19/2023,167.25,170.95,164.7,165.75,165.75,137522,63MOONS.NS,22794272,2023,May,21,Fri,
5/22/2023,167.65,181.95,167.45,175.55,175.55,388994,63MOONS.NS,68287898,2023,May,22,Mon,
5/23/2023,175.95,179,173.05,178.5,178.5,216063,63MOONS.NS,38567246,2023,May,22,Tue,
5/24/2023,178.4,184,178,180.1,180.1,0,63MOONS.NS,-,2023,May,22,Wed,
5/25/2023,175,175,162.75,163.95,163.95,600615,63MOONS.NS,98470827,2023,May,22,Thu,
5/26/2023,164.85,168.7,162.35,163.05,163.05,189924,63MOONS.NS,30967109,2023,May,22,Fri,
5/29/2023,163,167.6,162,162.2,162.2,116161,63MOONS.NS,18841314,2023,May,23,Mon,
5/30/2023,163.3,165,162.1,164.15,164.15,98222,63MOONS.NS,16123141,2023,May,23,Tue,
5/31/2023,163.9,172.7,163.9,169.9,169.9,246095,63MOONS.NS,41811539,2023,May,23,Wed,
6/1/2023,170.1,172.55,166.05,166.8,166.8,68643,63MOONS.NS,11449653,2023,Jun,23,Thu,
6/2/2023,168.4,169.85,164.75,165.55,165.55,75007,63MOONS.NS,12417409,2023,Jun,23,Fri,
6/5/2023,166.55,167.8,164.3,165.1,165.1,138505,63MOONS.NS,22867176,2023,Jun,24,Mon,
6/6/2023,165.95,166.4,163,164.35,164.35,99604,63MOONS.NS,16369918,2023,Jun,24,Tue,
6/7/2023,165,165.6,162.5,163.75,163.75,126258,63MOONS.NS,20674748,2023,Jun,24,Wed,
6/8/2023,165,167.85,164.15,165.3,165.3,80853,63MOONS.NS,13365001,2023,Jun,24,Thu,
6/9/2023,165.75,169.1,163.9,167.4,167.4,104005,63MOONS.NS,17410436,2023,Jun,24,Fri,
6/12/2023,168.25,170.95,163.45,170.1,170.1,223059,63MOONS.NS,37942337,2023,Jun,25,Mon,
6/13/2023,170.1,172.35,169,170.65,170.65,114013,63MOONS.NS,19456318,2023,Jun,25,Tue,
6/14/2023,171,173.5,170,171,171,55858,63MOONS.NS,9551718,2023,Jun,25,Wed,
6/15/2023,171.2,171.9,168.5,169.75,169.75,48480,63MOONS.NS,8229480,2023,Jun,25,Thu,
6/16/2023,170.1,173.7,169.6,172.15,172.15,73350,63MOONS.NS,12627202,2023,Jun,25,Fri,
6/19/2023,172,173.45,168.95,170.55,170.55,144320,63MOONS.NS,24613776,2023,Jun,26,Mon,
6/20/2023,170.55,176.1,170.35,173.15,173.15,148381,63MOONS.NS,25692169,2023,Jun,26,Tue,
6/21/2023,173.15,174,168.75,168.95,168.95,80997,63MOONS.NS,13684443,2023,Jun,26,Wed,
6/22/2023,169.25,173.65,167.1,168.1,168.1,105115,63MOONS.NS,17669832,2023,Jun,26,Thu,
6/23/2023,168.2,201.7,167.05,201.7,201.7,2908855,63MOONS.NS,586716045,2023,Jun,26,Fri,
3/23/2023,6.65,6.75,6.5,6.55,6.55,230037,A2ZINFRA.NS,1506742,2023,Mar,13,Thu,
3/24/2023,6.7,6.7,6,6.2,6.2,351592,A2ZINFRA.NS,2179870,2023,Mar,13,Fri,
3/27/2023,6,6.35,5.1,5.7,5.7,441766,A2ZINFRA.NS,2518066,2023,Mar,14,Mon,
3/28/2023,5.8,6.8,5.6,6.8,6.8,2847984,A2ZINFRA.NS,19366292,2023,Mar,14,Tue,
3/29/2023,6.8,7.3,6.35,6.6,6.6,980314,A2ZINFRA.NS,6470072,2023,Mar,14,Wed,
3/31/2023,6.6,6.9,6.5,6.6,6.6,257019,A2ZINFRA.NS,1696325,2023,Mar,14,Fri,
4/3/2023,6.9,6.95,6.6,6.75,6.75,667405,A2ZINFRA.NS,4504984,2023,Apr,15,Mon,
4/5/2023,6.8,7.2,6.75,7.05,7.05,313908,A2ZINFRA.NS,2213051,2023,Apr,15,Wed,
4/6/2023,7.05,7.2,6.85,7,7,114986,A2ZINFRA.NS,804902,2023,Apr,15,Thu,
4/10/2023,7,7.2,6.7,6.85,6.85,142479,A2ZINFRA.NS,975981,2023,Apr,16,Mon,
4/11/2023,6.85,7.1,6.8,6.95,6.95,66776,A2ZINFRA.NS,464093,2023,Apr,16,Tue,
